<?xml version="1.0" encoding="UTF-8"?>
<point_cloud version="1.2.0">
  <tracks path="tracks.ply" count="190007"/>
  <points path="points.ply" count="133445"/>
  <projections camera_id="0" path="p0.ply" count="2750"/>
  <projections camera_id="1" path="p1.ply" count="3385"/>
  <projections camera_id="2" path="p2.ply" count="3365"/>
  <projections camera_id="3" path="p3.ply" count="3995"/>
  <projections camera_id="4" path="p4.ply" count="4226"/>
  <projections camera_id="5" path="p5.ply" count="3999"/>
  <projections camera_id="6" path="p6.ply" count="4047"/>
  <projections camera_id="7" path="p7.ply" count="4008"/>
  <projections camera_id="8" path="p8.ply" count="4006"/>
  <projections camera_id="9" path="p9.ply" count="3736"/>
  <projections camera_id="10" path="p10.ply" count="3096"/>
  <projections camera_id="11" path="p11.ply" count="3240"/>
  <projections camera_id="12" path="p12.ply" count="2525"/>
  <projections camera_id="13" path="p13.ply" count="3524"/>
  <projections camera_id="14" path="p14.ply" count="3720"/>
  <projections camera_id="15" path="p15.ply" count="3251"/>
  <projections camera_id="16" path="p16.ply" count="3385"/>
  <projections camera_id="17" path="p17.ply" count="3032"/>
  <projections camera_id="18" path="p18.ply" count="3003"/>
  <projections camera_id="19" path="p19.ply" count="3930"/>
  <projections camera_id="20" path="p20.ply" count="3944"/>
  <projections camera_id="21" path="p21.ply" count="1164"/>
  <projections camera_id="22" path="p22.ply" count="2797"/>
  <projections camera_id="23" path="p23.ply" count="2976"/>
  <projections camera_id="24" path="p24.ply" count="3383"/>
  <projections camera_id="25" path="p25.ply" count="3447"/>
  <projections camera_id="26" path="p26.ply" count="1365"/>
  <projections camera_id="27" path="p27.ply" count="2604"/>
  <projections camera_id="28" path="p28.ply" count="2627"/>
  <projections camera_id="29" path="p29.ply" count="3264"/>
  <projections camera_id="30" path="p30.ply" count="3776"/>
  <projections camera_id="31" path="p31.ply" count="4041"/>
  <projections camera_id="32" path="p32.ply" count="3447"/>
  <projections camera_id="33" path="p33.ply" count="3634"/>
  <projections camera_id="34" path="p34.ply" count="3350"/>
  <projections camera_id="35" path="p35.ply" count="3587"/>
  <projections camera_id="36" path="p36.ply" count="2386"/>
  <projections camera_id="37" path="p37.ply" count="3391"/>
  <projections camera_id="38" path="p38.ply" count="3695"/>
  <projections camera_id="39" path="p39.ply" count="3530"/>
  <projections camera_id="40" path="p40.ply" count="3656"/>
  <projections camera_id="41" path="p41.ply" count="3681"/>
  <projections camera_id="42" path="p42.ply" count="3375"/>
  <projections camera_id="43" path="p43.ply" count="3539"/>
  <projections camera_id="44" path="p44.ply" count="4045"/>
  <projections camera_id="45" path="p45.ply" count="3997"/>
  <projections camera_id="46" path="p46.ply" count="4124"/>
  <projections camera_id="47" path="p47.ply" count="4508"/>
  <projections camera_id="48" path="p48.ply" count="3997"/>
  <projections camera_id="49" path="p49.ply" count="3363"/>
  <projections camera_id="50" path="p50.ply" count="3996"/>
  <projections camera_id="51" path="p51.ply" count="4256"/>
  <projections camera_id="52" path="p52.ply" count="3918"/>
  <projections camera_id="53" path="p53.ply" count="4016"/>
  <projections camera_id="54" path="p54.ply" count="3684"/>
  <projections camera_id="55" path="p55.ply" count="3847"/>
  <projections camera_id="56" path="p56.ply" count="2097"/>
  <projections camera_id="57" path="p57.ply" count="3583"/>
  <projections camera_id="58" path="p58.ply" count="3820"/>
  <projections camera_id="59" path="p59.ply" count="3639"/>
  <projections camera_id="60" path="p60.ply" count="3822"/>
  <projections camera_id="61" path="p61.ply" count="1962"/>
  <projections camera_id="62" path="p62.ply" count="1936"/>
  <projections camera_id="63" path="p63.ply" count="2663"/>
  <projections camera_id="64" path="p64.ply" count="3261"/>
  <projections camera_id="65" path="p65.ply" count="3268"/>
  <projections camera_id="66" path="p66.ply" count="3686"/>
  <projections camera_id="67" path="p67.ply" count="3660"/>
  <projections camera_id="68" path="p68.ply" count="3146"/>
  <projections camera_id="69" path="p69.ply" count="4042"/>
  <projections camera_id="70" path="p70.ply" count="4505"/>
  <projections camera_id="71" path="p71.ply" count="3998"/>
  <projections camera_id="72" path="p72.ply" count="4091"/>
  <projections camera_id="73" path="p73.ply" count="3502"/>
  <projections camera_id="74" path="p74.ply" count="3054"/>
  <projections camera_id="75" path="p75.ply" count="3784"/>
  <projections camera_id="76" path="p76.ply" count="3331"/>
  <projections camera_id="77" path="p77.ply" count="4000"/>
  <projections camera_id="78" path="p78.ply" count="2343"/>
  <projections camera_id="79" path="p79.ply" count="3751"/>
  <projections camera_id="80" path="p80.ply" count="3747"/>
  <projections camera_id="81" path="p81.ply" count="3434"/>
  <projections camera_id="82" path="p82.ply" count="3461"/>
  <projections camera_id="83" path="p83.ply" count="3098"/>
  <projections camera_id="84" path="p84.ply" count="3141"/>
  <projections camera_id="85" path="p85.ply" count="3176"/>
  <projections camera_id="86" path="p86.ply" count="3210"/>
  <projections camera_id="87" path="p87.ply" count="4004"/>
  <projections camera_id="88" path="p88.ply" count="4009"/>
  <projections camera_id="89" path="p89.ply" count="2106"/>
  <projections camera_id="90" path="p90.ply" count="3189"/>
  <projections camera_id="91" path="p91.ply" count="3472"/>
  <projections camera_id="92" path="p92.ply" count="3981"/>
  <projections camera_id="93" path="p93.ply" count="4093"/>
  <projections camera_id="94" path="p94.ply" count="3445"/>
  <projections camera_id="95" path="p95.ply" count="3048"/>
  <projections camera_id="96" path="p96.ply" count="1676"/>
  <projections camera_id="97" path="p97.ply" count="1545"/>
  <projections camera_id="98" path="p98.ply" count="1759"/>
  <projections camera_id="99" path="p99.ply" count="2722"/>
  <projections camera_id="100" path="p100.ply" count="3013"/>
  <projections camera_id="101" path="p101.ply" count="4211"/>
  <projections camera_id="102" path="p102.ply" count="4084"/>
  <projections camera_id="103" path="p103.ply" count="984"/>
  <projections camera_id="104" path="p104.ply" count="1577"/>
  <projections camera_id="105" path="p105.ply" count="2292"/>
  <projections camera_id="106" path="p106.ply" count="3272"/>
  <projections camera_id="107" path="p107.ply" count="3096"/>
  <projections camera_id="108" path="p108.ply" count="3015"/>
  <projections camera_id="109" path="p109.ply" count="4058"/>
  <projections camera_id="110" path="p110.ply" count="4361"/>
  <projections camera_id="111" path="p111.ply" count="4093"/>
  <projections camera_id="112" path="p112.ply" count="4018"/>
  <projections camera_id="113" path="p113.ply" count="4349"/>
  <projections camera_id="114" path="p114.ply" count="3963"/>
  <projections camera_id="115" path="p115.ply" count="4016"/>
  <projections camera_id="116" path="p116.ply" count="4066"/>
  <projections camera_id="117" path="p117.ply" count="4051"/>
  <projections camera_id="118" path="p118.ply" count="4044"/>
  <projections camera_id="119" path="p119.ply" count="2646"/>
  <projections camera_id="120" path="p120.ply" count="1455"/>
  <projections camera_id="121" path="p121.ply" count="698"/>
  <projections camera_id="122" path="p122.ply" count="480"/>
  <projections camera_id="123" path="p123.ply" count="158"/>
  <projections camera_id="124" path="p124.ply" count="469"/>
  <projections camera_id="125" path="p125.ply" count="606"/>
  <projections camera_id="126" path="p126.ply" count="1048"/>
  <projections camera_id="127" path="p127.ply" count="1458"/>
  <projections camera_id="128" path="p128.ply" count="1607"/>
  <projections camera_id="129" path="p129.ply" count="1478"/>
  <projections camera_id="130" path="p130.ply" count="2129"/>
  <projections camera_id="131" path="p131.ply" count="2039"/>
  <projections camera_id="132" path="p132.ply" count="369"/>
  <projections camera_id="133" path="p133.ply" count="155"/>
  <projections camera_id="134" path="p134.ply" count="169"/>
  <projections camera_id="135" path="p135.ply" count="283"/>
  <projections camera_id="136" path="p136.ply" count="186"/>
  <projections camera_id="137" path="p137.ply" count="76"/>
  <projections camera_id="138" path="p138.ply" count="172"/>
  <projections camera_id="139" path="p139.ply" count="882"/>
  <projections camera_id="140" path="p140.ply" count="1354"/>
  <projections camera_id="141" path="p141.ply" count="1477"/>
  <projections camera_id="142" path="p142.ply" count="1356"/>
  <projections camera_id="143" path="p143.ply" count="1931"/>
  <projections camera_id="144" path="p144.ply" count="2712"/>
  <projections camera_id="145" path="p145.ply" count="2557"/>
  <projections camera_id="146" path="p146.ply" count="1207"/>
  <projections camera_id="147" path="p147.ply" count="380"/>
  <projections camera_id="148" path="p148.ply" count="1773"/>
  <projections camera_id="149" path="p149.ply" count="2840"/>
  <projections camera_id="150" path="p150.ply" count="3369"/>
  <projections camera_id="151" path="p151.ply" count="4013"/>
  <projections camera_id="152" path="p152.ply" count="457"/>
  <projections camera_id="153" path="p153.ply" count="1500"/>
  <projections camera_id="154" path="p154.ply" count="626"/>
  <projections camera_id="155" path="p155.ply" count="778"/>
  <projections camera_id="156" path="p156.ply" count="870"/>
  <projections camera_id="158" path="p158.ply" count="3538"/>
  <projections camera_id="159" path="p159.ply" count="2988"/>
  <projections camera_id="160" path="p160.ply" count="2581"/>
  <projections camera_id="161" path="p161.ply" count="2895"/>
  <projections camera_id="162" path="p162.ply" count="2753"/>
  <projections camera_id="163" path="p163.ply" count="3033"/>
  <projections camera_id="164" path="p164.ply" count="3640"/>
  <projections camera_id="165" path="p165.ply" count="2746"/>
  <projections camera_id="166" path="p166.ply" count="2390"/>
  <projections camera_id="167" path="p167.ply" count="2514"/>
  <projections camera_id="168" path="p168.ply" count="3201"/>
  <projections camera_id="169" path="p169.ply" count="2188"/>
  <projections camera_id="170" path="p170.ply" count="1232"/>
  <projections camera_id="171" path="p171.ply" count="662"/>
  <projections camera_id="172" path="p172.ply" count="1107"/>
  <projections camera_id="173" path="p173.ply" count="1449"/>
  <projections camera_id="174" path="p174.ply" count="3478"/>
  <projections camera_id="175" path="p175.ply" count="1301"/>
  <projections camera_id="176" path="p176.ply" count="1771"/>
  <projections camera_id="177" path="p177.ply" count="1967"/>
  <projections camera_id="178" path="p178.ply" count="2640"/>
  <projections camera_id="179" path="p179.ply" count="1269"/>
  <projections camera_id="180" path="p180.ply" count="1568"/>
  <projections camera_id="181" path="p181.ply" count="1427"/>
  <projections camera_id="182" path="p182.ply" count="2137"/>
  <projections camera_id="183" path="p183.ply" count="525"/>
  <projections camera_id="184" path="p184.ply" count="2963"/>
  <projections camera_id="185" path="p185.ply" count="2883"/>
  <projections camera_id="186" path="p186.ply" count="4008"/>
  <projections camera_id="187" path="p187.ply" count="4288"/>
  <projections camera_id="188" path="p188.ply" count="3670"/>
  <projections camera_id="189" path="p189.ply" count="2893"/>
  <projections camera_id="190" path="p190.ply" count="3257"/>
  <projections camera_id="191" path="p191.ply" count="4007"/>
  <projections camera_id="192" path="p192.ply" count="2844"/>
  <projections camera_id="193" path="p193.ply" count="519"/>
  <projections camera_id="194" path="p194.ply" count="460"/>
  <projections camera_id="195" path="p195.ply" count="528"/>
  <projections camera_id="196" path="p196.ply" count="362"/>
  <projections camera_id="197" path="p197.ply" count="1426"/>
  <projections camera_id="198" path="p198.ply" count="1146"/>
  <projections camera_id="199" path="p199.ply" count="1866"/>
  <projections camera_id="200" path="p200.ply" count="3553"/>
  <projections camera_id="201" path="p201.ply" count="1131"/>
  <projections camera_id="202" path="p202.ply" count="1386"/>
  <projections camera_id="203" path="p203.ply" count="592"/>
  <projections camera_id="204" path="p204.ply" count="369"/>
  <projections camera_id="205" path="p205.ply" count="1028"/>
  <projections camera_id="206" path="p206.ply" count="1389"/>
  <projections camera_id="207" path="p207.ply" count="788"/>
  <projections camera_id="208" path="p208.ply" count="27"/>
  <projections camera_id="209" path="p209.ply" count="166"/>
  <projections camera_id="210" path="p210.ply" count="142"/>
  <projections camera_id="211" path="p211.ply" count="920"/>
  <projections camera_id="212" path="p212.ply" count="1052"/>
  <projections camera_id="213" path="p213.ply" count="748"/>
  <projections camera_id="214" path="p214.ply" count="742"/>
  <projections camera_id="215" path="p215.ply" count="1367"/>
  <projections camera_id="216" path="p216.ply" count="1569"/>
  <projections camera_id="217" path="p217.ply" count="1085"/>
  <projections camera_id="218" path="p218.ply" count="4115"/>
  <projections camera_id="219" path="p219.ply" count="3990"/>
  <projections camera_id="220" path="p220.ply" count="2552"/>
  <projections camera_id="221" path="p221.ply" count="600"/>
  <projections camera_id="222" path="p222.ply" count="751"/>
  <projections camera_id="223" path="p223.ply" count="1306"/>
  <projections camera_id="224" path="p224.ply" count="302"/>
  <projections camera_id="225" path="p225.ply" count="705"/>
  <projections camera_id="226" path="p226.ply" count="514"/>
  <projections camera_id="227" path="p227.ply" count="1352"/>
  <projections camera_id="228" path="p228.ply" count="624"/>
  <projections camera_id="229" path="p229.ply" count="483"/>
  <projections camera_id="230" path="p230.ply" count="1003"/>
  <projections camera_id="231" path="p231.ply" count="860"/>
  <projections camera_id="232" path="p232.ply" count="2774"/>
  <projections camera_id="233" path="p233.ply" count="1869"/>
  <projections camera_id="234" path="p234.ply" count="179"/>
  <projections camera_id="235" path="p235.ply" count="733"/>
  <projections camera_id="236" path="p236.ply" count="910"/>
  <projections camera_id="237" path="p237.ply" count="408"/>
  <projections camera_id="238" path="p238.ply" count="662"/>
  <projections camera_id="239" path="p239.ply" count="993"/>
  <projections camera_id="240" path="p240.ply" count="436"/>
  <projections camera_id="241" path="p241.ply" count="3043"/>
  <projections camera_id="242" path="p242.ply" count="808"/>
  <projections camera_id="243" path="p243.ply" count="249"/>
  <projections camera_id="244" path="p244.ply" count="444"/>
  <projections camera_id="245" path="p245.ply" count="2545"/>
  <meta>
    <property name="match/duration" value="1395.959"/>
    <property name="match/match_downscale" value="0"/>
    <property name="match/match_filter_mask" value="false"/>
    <property name="match/match_point_limit" value="40000"/>
    <property name="match/match_select_pairs" value="1"/>
    <property name="match/match_tiepoint_limit" value="4000"/>
  </meta>
</point_cloud>
