<?xml version="1.0" encoding="UTF-8"?>
<point_cloud version="1.2.0">
  <tracks path="tracks.ply" count="57346"/>
  <points path="points.ply" count="46926"/>
  <projections camera_id="0" path="p0.ply" count="5108"/>
  <projections camera_id="1" path="p1.ply" count="5185"/>
  <projections camera_id="2" path="p2.ply" count="4592"/>
  <projections camera_id="3" path="p3.ply" count="3998"/>
  <projections camera_id="4" path="p4.ply" count="4033"/>
  <projections camera_id="5" path="p5.ply" count="4108"/>
  <projections camera_id="6" path="p6.ply" count="4018"/>
  <projections camera_id="7" path="p7.ply" count="3342"/>
  <projections camera_id="8" path="p8.ply" count="2617"/>
  <projections camera_id="9" path="p9.ply" count="1556"/>
  <projections camera_id="10" path="p10.ply" count="1126"/>
  <projections camera_id="11" path="p11.ply" count="1598"/>
  <projections camera_id="12" path="p12.ply" count="2168"/>
  <projections camera_id="13" path="p13.ply" count="2252"/>
  <projections camera_id="14" path="p14.ply" count="2166"/>
  <projections camera_id="15" path="p15.ply" count="2471"/>
  <projections camera_id="16" path="p16.ply" count="2759"/>
  <projections camera_id="17" path="p17.ply" count="2979"/>
  <projections camera_id="18" path="p18.ply" count="3290"/>
  <projections camera_id="19" path="p19.ply" count="2986"/>
  <projections camera_id="20" path="p20.ply" count="1868"/>
  <projections camera_id="21" path="p21.ply" count="2392"/>
  <projections camera_id="22" path="p22.ply" count="2520"/>
  <projections camera_id="23" path="p23.ply" count="2872"/>
  <projections camera_id="24" path="p24.ply" count="2693"/>
  <projections camera_id="25" path="p25.ply" count="1171"/>
  <projections camera_id="26" path="p26.ply" count="2228"/>
  <projections camera_id="27" path="p27.ply" count="2902"/>
  <projections camera_id="28" path="p28.ply" count="1915"/>
  <projections camera_id="29" path="p29.ply" count="3329"/>
  <projections camera_id="30" path="p30.ply" count="3091"/>
  <projections camera_id="31" path="p31.ply" count="2168"/>
  <projections camera_id="32" path="p32.ply" count="1952"/>
  <projections camera_id="33" path="p33.ply" count="3677"/>
  <projections camera_id="34" path="p34.ply" count="2461"/>
  <projections camera_id="35" path="p35.ply" count="4002"/>
  <projections camera_id="36" path="p36.ply" count="4568"/>
  <projections camera_id="37" path="p37.ply" count="4035"/>
  <projections camera_id="38" path="p38.ply" count="4363"/>
  <projections camera_id="39" path="p39.ply" count="4278"/>
  <projections camera_id="40" path="p40.ply" count="3996"/>
  <projections camera_id="41" path="p41.ply" count="4006"/>
  <projections camera_id="42" path="p42.ply" count="2771"/>
  <projections camera_id="43" path="p43.ply" count="4156"/>
  <projections camera_id="44" path="p44.ply" count="3511"/>
  <projections camera_id="45" path="p45.ply" count="3286"/>
  <projections camera_id="46" path="p46.ply" count="2660"/>
  <projections camera_id="47" path="p47.ply" count="2279"/>
  <projections camera_id="48" path="p48.ply" count="2001"/>
  <projections camera_id="49" path="p49.ply" count="1230"/>
  <projections camera_id="50" path="p50.ply" count="721"/>
  <projections camera_id="51" path="p51.ply" count="537"/>
  <projections camera_id="52" path="p52.ply" count="1164"/>
  <projections camera_id="53" path="p53.ply" count="2648"/>
  <projections camera_id="54" path="p54.ply" count="2385"/>
  <projections camera_id="55" path="p55.ply" count="1958"/>
  <projections camera_id="56" path="p56.ply" count="764"/>
  <projections camera_id="57" path="p57.ply" count="3624"/>
  <projections camera_id="58" path="p58.ply" count="4001"/>
  <projections camera_id="59" path="p59.ply" count="4628"/>
  <projections camera_id="60" path="p60.ply" count="4045"/>
  <projections camera_id="61" path="p61.ply" count="4013"/>
  <projections camera_id="62" path="p62.ply" count="3989"/>
  <projections camera_id="63" path="p63.ply" count="2292"/>
  <projections camera_id="64" path="p64.ply" count="2551"/>
  <projections camera_id="65" path="p65.ply" count="783"/>
  <projections camera_id="66" path="p66.ply" count="433"/>
  <projections camera_id="67" path="p67.ply" count="1822"/>
  <projections camera_id="68" path="p68.ply" count="1532"/>
  <projections camera_id="69" path="p69.ply" count="1448"/>
  <projections camera_id="70" path="p70.ply" count="712"/>
  <projections camera_id="71" path="p71.ply" count="356"/>
  <projections camera_id="72" path="p72.ply" count="287"/>
  <projections camera_id="73" path="p73.ply" count="2147"/>
  <projections camera_id="74" path="p74.ply" count="3103"/>
  <projections camera_id="75" path="p75.ply" count="261"/>
  <projections camera_id="76" path="p76.ply" count="48"/>
  <projections camera_id="77" path="p77.ply" count="132"/>
  <projections camera_id="78" path="p78.ply" count="327"/>
  <projections camera_id="79" path="p79.ply" count="334"/>
  <projections camera_id="80" path="p80.ply" count="151"/>
  <projections camera_id="81" path="p81.ply" count="155"/>
  <projections camera_id="82" path="p82.ply" count="1674"/>
  <projections camera_id="83" path="p83.ply" count="1609"/>
  <projections camera_id="84" path="p84.ply" count="1242"/>
  <projections camera_id="85" path="p85.ply" count="910"/>
  <projections camera_id="86" path="p86.ply" count="342"/>
  <projections camera_id="87" path="p87.ply" count="1388"/>
  <projections camera_id="88" path="p88.ply" count="2206"/>
  <projections camera_id="89" path="p89.ply" count="1732"/>
  <projections camera_id="90" path="p90.ply" count="1994"/>
  <meta>
    <property name="match/duration" value="553.85"/>
    <property name="match/match_downscale" value="0"/>
    <property name="match/match_filter_mask" value="false"/>
    <property name="match/match_point_limit" value="40000"/>
    <property name="match/match_select_pairs" value="1"/>
    <property name="match/match_tiepoint_limit" value="4000"/>
  </meta>
</point_cloud>
